Config,Flickr I2T,Flickr T2I,COCO I2T,COCO T2I,SG4V I2T,SG4V T2I,Urban1K I2T,Urban1K T2I,DOCCI I2T,DOCCI T2I
CLIP-L/14-336 baseline (cited, paper Table 2) (cited),0.877,0.67,0.58,0.371,0.862,0.84,0.728,0.57,0.674,0.657
LLM2CLIP-15M, ViT-L/14@336 (cited, paper Table 2 -- more data than ours, see caveat) (cited),0.912,0.821,0.655,0.536,0.981,0.984,0.903,0.932,0.877,0.89
vanilla_ViT-B16_DOCCI,0.461,0.2648,0.2918,0.1536739425921484,0.8260325406758448,0.6758448060075094,0.652,0.504,0.754313725490196,0.7421568627450981
ours_ViT-B16_DOCCI,0.433,0.412,0.2426,0.22543375709602623,0.8247809762202754,0.7321652065081352,0.681,0.571,0.7850980392156863,0.8023529411764706
released_ViT-L336_no-finetune,0.941,0.8224,0.6692,0.5375789557847606,0.9937421777221527,0.9887359198998749,0.962,0.966,0.8992156862745098,0.9072549019607843
